國家,地區,搜尋條件
日本,東京,Tokyo
日本,大阪,Osaka
日本,京都,Kyoto
日本,福岡,Fukuoka
日本,札幌,Sapporo
日本,名古屋,Nagoya
日本,沖繩,Okinawa
日本,富良野,Furano
日本,鹿兒島,Kagoshima
日本,秋田,Akita
日本,旭川,Asahikawa
日本,別府,Beppu
日本,千葉,Chiba
日本,八王子,Hachioji
日本,函館,Hakodate
日本,箱根,Hakone
日本,廣島,Hiroshima
日本,石垣島,Ishigaki
日本,泉佐野,Izumisano
日本,金澤,Kanazawa
日本,川崎,Kawasaki
日本,鹿角,Kazuno
日本,神戶,Kobe
日本,小松,Komatsu
日本,熊本,Kumamoto
日本,釧路,Kushiro
日本,宮崎,Miyazaki
日本,長野,Nagano
日本,長崎,Nagasaki
日本,那霸,Naha
日本,奈良,Nara
日本,成田,Narita
日本,新潟,Niigata
日本,登別,Noboribetsu
日本,帶廣,Obihiro
日本,小樽,Otaru
日本,大津,Otsu
日本,佐世保,Sasebo
日本,仙台,Sendai
日本,靜岡,Shizuoka
日本,高山,Takayama
日本,富山,Toyama
日本,浦安,Urayasu
日本,宇都宮,Utsunomiya
日本,和歌山,Wakayama
日本,稚內,Wakkanai
日本,山形,Yamagata
日本,橫濱,Yokohama
韓國,首爾,Seoul
韓國,釜山,Busan
韓國,濟州,Jeju
韓國,富川,Bucheon
韓國,昌原,Changwon
韓國,青州,Cheongju
韓國,大邱,Daegu
韓國,大田,Daejeon
韓國,東灘,Dongtan
韓國,慶州,Gyeongju
韓國,仁川,Incheon
韓國,西歸浦,Seogwipo
韓國,束草,Sokcho
韓國,水原,Suwon
台灣,台北,taipei
台灣,新北,new-taipei
台灣,桃園,taoyuan-county
台灣,基隆,keelung
台灣,新竹,hsinchu-county
台灣,宜蘭,yilan-county
台灣,苗栗,miaoli-county
台灣,台中,taichung
台灣,彰化,changhua-county
台灣,雲林,yunlin
台灣,南投,nantou-county
台灣,台南,tainan
台灣,高雄,kaohsiung
台灣,嘉義市,chiayi
台灣,嘉義縣,chiayi-county
台灣,屏東,pingtung-county
台灣,花蓮,hualien-county
台灣,台東,taitung-county
台灣,澎湖,penghu
台灣,金門,kinmen-county
台灣,馬祖,matsu-islands
台灣,綠島,green-island-taiwan
